condition,advice,trust,share_high,p_LL,p_HH,buyer_payoff,revenue,welfare
No AI,none,0.0,0.25,0.5625,0.0625,6.34375,3.3125,16.0
No AI,none,0.05,0.25,0.5625,0.0625,6.34375,3.3125,16.0
No AI,none,0.1,0.25,0.5625,0.0625,6.34375,3.3125,16.0
No AI,none,0.15,0.25,0.5625,0.0625,6.34375,3.3125,16.0
No AI,none,0.2,0.25,0.5625,0.0625,6.34375,3.3125,16.0
No AI,none,0.25,0.25,0.5625,0.0625,6.34375,3.3125,16.0
No AI,none,0.3,0.25,0.5625,0.0625,6.34375,3.3125,16.0
No AI,none,0.35,0.25,0.5625,0.0625,6.34375,3.3125,16.0
No AI,none,0.4,0.25,0.5625,0.0625,6.34375,3.3125,16.0
No AI,none,0.45,0.25,0.5625,0.0625,6.34375,3.3125,16.0
No AI,none,0.5,0.25,0.5625,0.0625,6.34375,3.3125,16.0
No AI,none,0.55,0.25,0.5625,0.0625,6.34375,3.3125,16.0
No AI,none,0.6,0.25,0.5625,0.0625,6.34375,3.3125,16.0
No AI,none,0.65,0.25,0.5625,0.0625,6.34375,3.3125,16.0
No AI,none,0.7,0.25,0.5625,0.0625,6.34375,3.3125,16.0
No AI,none,0.75,0.25,0.5625,0.0625,6.34375,3.3125,16.0
No AI,none,0.8,0.25,0.5625,0.0625,6.34375,3.3125,16.0
No AI,none,0.85,0.25,0.5625,0.0625,6.34375,3.3125,16.0
No AI,none,0.9,0.25,0.5625,0.0625,6.34375,3.3125,16.0
No AI,none,0.95,0.25,0.5625,0.0625,6.34375,3.3125,16.0
No AI,none,1.0,0.25,0.5625,0.0625,6.34375,3.3125,16.0
Buyer-aligned AI,Low,0.0,0.25,0.5625,0.0625,6.34375,3.3125,16.0
Buyer-aligned AI,Low,0.05,0.2375,0.5814062499999999,0.05640625,6.372109375,3.2557812499999996,15.999999999999996
Buyer-aligned AI,Low,0.1,0.225,0.6006250000000001,0.050625,6.4009375,3.198125,16.0
Buyer-aligned AI,Low,0.15,0.2125,0.62015625,0.045156249999999995,6.430234374999999,3.13953125,16.0
Buyer-aligned AI,Low,0.2,0.2,0.6400000000000001,0.04000000000000001,6.46,3.080000000000001,16.000000000000004
Buyer-aligned AI,Low,0.25,0.1875,0.66015625,0.03515625,6.490234375,3.01953125,16.0
Buyer-aligned AI,Low,0.3,0.175,0.6806249999999999,0.030624999999999996,6.520937499999999,2.958125,15.999999999999998
Buyer-aligned AI,Low,0.35,0.1625,0.70140625,0.026406250000000003,6.552109375,2.89578125,16.0
Buyer-aligned AI,Low,0.4,0.15,0.7224999999999999,0.0225,6.583749999999999,2.8324999999999996,15.999999999999996
Buyer-aligned AI,Low,0.45,0.1375,0.7439062500000001,0.018906250000000003,6.615859375000001,2.7682812500000002,16.000000000000004
Buyer-aligned AI,Low,0.5,0.125,0.765625,0.015625,6.6484375,2.703125,16.0
Buyer-aligned AI,Low,0.55,0.11249999999999999,0.78765625,0.012656249999999997,6.681484374999999,2.6370312499999997,16.0
Buyer-aligned AI,Low,0.6,0.1,0.81,0.010000000000000002,6.715,2.5700000000000003,16.0
Buyer-aligned AI,Low,0.65,0.0875,0.83265625,0.007656249999999999,6.748984375,2.50203125,16.0
Buyer-aligned AI,Low,0.7,0.07500000000000001,0.8556250000000001,0.0056250000000000015,6.783437500000002,2.433125000000001,16.0
Buyer-aligned AI,Low,0.75,0.0625,0.87890625,0.00390625,6.818359375,2.36328125,16.0
Buyer-aligned AI,Low,0.8,0.04999999999999999,0.9025,0.0024999999999999988,6.853749999999999,2.2925,15.999999999999998
Buyer-aligned AI,Low,0.85,0.037500000000000006,0.9264062500000001,0.0014062500000000004,6.889609375,2.2207812500000004,16.000000000000004
Buyer-aligned AI,Low,0.9,0.024999999999999994,0.9506249999999999,0.0006249999999999997,6.9259375,2.148125,16.0
Buyer-aligned AI,Low,0.95,0.012500000000000011,0.9751562500000001,0.00015625000000000027,6.962734375000001,2.0745312500000006,16.0
Buyer-aligned AI,Low,1.0,0.0,1.0,0.0,7.0,2.0,16.0
Seller-aligned AI,High,0.0,0.25,0.5625,0.0625,6.34375,3.3125,16.0
Seller-aligned AI,High,0.05,0.2875,0.50765625,0.08265624999999999,6.261484374999999,3.4770312499999996,16.0
Seller-aligned AI,High,0.1,0.325,0.45562500000000006,0.10562500000000001,6.183437500000001,3.6331250000000006,16.0
Seller-aligned AI,High,0.15,0.3625,0.40640624999999997,0.13140625,6.109609375,3.7807812499999995,16.0
Seller-aligned AI,High,0.2,0.4,0.36,0.16000000000000003,6.04,3.9200000000000004,16.0
Seller-aligned AI,High,0.25,0.4375,0.31640625,0.19140625,5.974609375,4.05078125,16.0
Seller-aligned AI,High,0.3,0.475,0.275625,0.225625,5.9134375,4.173125,16.0
Seller-aligned AI,High,0.35,0.5125,0.23765625000000004,0.26265625,5.856484375,4.28703125,16.0
Seller-aligned AI,High,0.4,0.55,0.20249999999999996,0.30250000000000005,5.80375,4.3925,16.0
Seller-aligned AI,High,0.45,0.5875,0.17015624999999998,0.34515625000000005,5.755234375,4.489531250000001,16.0
Seller-aligned AI,High,0.5,0.625,0.140625,0.390625,5.7109375,4.578125,16.0
Seller-aligned AI,High,0.55,0.6625000000000001,0.11390624999999995,0.4389062500000001,5.670859374999999,4.658281250000001,16.0
Seller-aligned AI,High,0.6,0.7,0.09000000000000002,0.48999999999999994,5.635,4.73,16.0
Seller-aligned AI,High,0.65,0.7375,0.06890624999999997,0.54390625,5.603359375,4.79328125,16.0
Seller-aligned AI,High,0.7,0.7749999999999999,0.05062500000000004,0.6006249999999999,5.5759375,4.848125,16.0
Seller-aligned AI,High,0.75,0.8125,0.03515625,0.66015625,5.552734375,4.89453125,16.0
Seller-aligned AI,High,0.8,0.8500000000000001,0.022499999999999975,0.7225000000000001,5.5337499999999995,4.9325,16.0
Seller-aligned AI,High,0.85,0.8875,0.01265625000000001,0.78765625,5.5189843750000005,4.96203125,16.0
Seller-aligned AI,High,0.9,0.925,0.005624999999999994,0.8556250000000001,5.508437499999999,4.983124999999999,16.0
Seller-aligned AI,High,0.95,0.9624999999999999,0.0014062500000000067,0.9264062499999999,5.502109375000001,4.99578125,16.0
Seller-aligned AI,High,1.0,1.0,0.0,1.0,5.5,5.0,16.0
